{
    "total_runtime": 1193.8737707138062,
    "num_documents": 2,
    "input_load_time": 0,
    "workflows": {
        "create_base_text_units": {
            "overall": 0.25454163551330566,
            "0_orderby": 0.0010440349578857422,
            "1_zip": 0.0016274452209472656,
            "2_aggregate_override": 0.0032358169555664062,
            "3_chunk": 0.23429584503173828,
            "4_select": 0.000978231430053711,
            "5_unroll": 0.0020444393157958984,
            "6_rename": 0.0005371570587158203,
            "7_genid": 0.0047686100006103516,
            "8_unzip": 0.0009644031524658203,
            "9_copy": 0.00027489662170410156,
            "10_filter": 0.004359006881713867
        },
        "create_base_extracted_entities": {
            "overall": 1020.7052612304688,
            "0_entity_extract": 1020.6901295185089,
            "1_merge_graphs": 0.014865875244140625
        },
        "create_final_covariates": {
            "overall": 164.94370317459106,
            "0_extract_covariates": 164.9350917339325,
            "1_window": 0.0024824142456054688,
            "2_genid": 0.0011339187622070312,
            "3_convert": 0.0011188983917236328,
            "4_rename": 0.0013196468353271484,
            "5_select": 0.0020406246185302734
        },
        "create_summarized_entities": {
            "overall": 0.0025644302368164062,
            "0_summarize_descriptions": 0.002329111099243164
        },
        "join_text_units_to_covariate_ids": {
            "overall": 0.008443832397460938,
            "0_select": 0.0006844997406005859,
            "1_aggregate_override": 0.0075647830963134766
        },
        "create_base_entity_graph": {
            "overall": 0.00674748420715332,
            "0_cluster_graph": 0.0059740543365478516,
            "1_select": 0.0005700588226318359
        },
        "create_final_entities": {
            "overall": 0.9750173091888428,
            "0_unpack_graph": 0.0013287067413330078,
            "1_rename": 0.0005068778991699219,
            "2_select": 0.0006053447723388672,
            "3_dedupe": 0.0005691051483154297,
            "4_rename": 0.00039887428283691406,
            "5_filter": 0.0034456253051757812,
            "6_text_split": 0.0006299018859863281,
            "7_drop": 0.0004639625549316406,
            "8_merge": 0.001359701156616211,
            "9_text_embed": 0.9609675407409668,
            "10_drop": 0.0007259845733642578,
            "11_filter": 0.003657817840576172
        },
        "create_final_nodes": {
            "overall": 0.01814579963684082,
            "0_layout_graph": 0.0028312206268310547,
            "1_unpack_graph": 0.0013649463653564453,
            "2_unpack_graph": 0.0011701583862304688,
            "3_filter": 0.003384828567504883,
            "4_drop": 0.00046563148498535156,
            "5_select": 0.0005142688751220703,
            "6_rename": 0.0004222393035888672,
            "7_join": 0.005565643310546875,
            "8_convert": 0.0015659332275390625,
            "9_rename": 0.0005369186401367188
        },
        "create_final_communities": {
            "overall": 0.036063432693481445,
            "0_unpack_graph": 0.0012900829315185547,
            "1_unpack_graph": 0.0010728836059570312,
            "2_aggregate_override": 0.002544879913330078,
            "3_join": 0.005493640899658203,
            "4_join": 0.006694793701171875,
            "5_concat": 0.0005168914794921875,
            "6_filter": 0.004519939422607422,
            "7_aggregate_override": 0.002573728561401367,
            "8_join": 0.004660844802856445,
            "9_filter": 0.0039055347442626953,
            "10_fill": 0.0003407001495361328,
            "11_merge": 0.0011620521545410156,
            "12_copy": 0.00039124488830566406,
            "13_select": 0.0005145072937011719
        },
        "join_text_units_to_entity_ids": {
            "overall": 0.004261016845703125,
            "0_select": 0.0006635189056396484,
            "1_unroll": 0.0014209747314453125,
            "2_aggregate_override": 0.0019729137420654297
        },
        "create_final_relationships": {
            "overall": 0.013458967208862305,
            "0_unpack_graph": 0.001262664794921875,
            "1_filter": 0.0033502578735351562,
            "2_rename": 0.00043964385986328125,
            "3_filter": 0.0029325485229492188,
            "4_drop": 0.0005910396575927734,
            "5_compute_edge_combined_degree": 0.0036516189575195312,
            "6_convert": 0.0005502700805664062,
            "7_convert": 0.0003879070281982422
        },
        "join_text_units_to_relationship_ids": {
            "overall": 0.004689693450927734,
            "0_select": 0.0006451606750488281,
            "1_unroll": 0.0014071464538574219,
            "2_aggregate_override": 0.0019311904907226562,
            "3_select": 0.0004734992980957031
        },
        "create_final_community_reports": {
            "overall": 2.838175058364868,
            "0_prepare_community_reports_nodes": 0.0011284351348876953,
            "1_prepare_community_reports_edges": 0.0009503364562988281,
            "2_prepare_community_reports_claims": 0.0030975341796875,
            "3_restore_community_hierarchy": 0.003088712692260742,
            "4_prepare_community_reports": 0.01837921142578125,
            "5_create_community_reports": 2.8101136684417725,
            "6_window": 0.0010423660278320312
        },
        "create_final_text_units": {
            "overall": 0.026124954223632812,
            "0_select": 0.0012941360473632812,
            "1_rename": 0.0006034374237060547,
            "2_join": 0.007999181747436523,
            "3_join": 0.005795955657958984,
            "4_join": 0.005367755889892578,
            "5_aggregate_override": 0.003420114517211914,
            "6_select": 0.0008797645568847656
        },
        "create_base_documents": {
            "overall": 0.017701148986816406,
            "0_unroll": 0.0019145011901855469,
            "1_select": 0.0005631446838378906,
            "2_rename": 0.0004937648773193359,
            "3_join": 0.004723072052001953,
            "4_aggregate_override": 0.0021975040435791016,
            "5_join": 0.004674434661865234,
            "6_rename": 0.0007572174072265625,
            "7_convert": 0.0021088123321533203
        },
        "create_final_documents": {
            "overall": 0.0006201267242431641,
            "0_rename": 0.0004532337188720703
        }
    }
}